id,Gross,Tax,Net
1,652,182.4528,469.5472
2,418,133.76,284.24
3,2202,754.9142999999999,1447.0857
4,1104,165.6,938.4
5,1797.4499999999998,597.1397999999999,1200.3102
